<?xml version="1.0" encoding="UTF-8"?>
<CustomField xmlns="http://soap.sforce.com/2006/04/metadata">
    <fullName>Win_Loss_Reason_JP__c</fullName>
    <externalId>false</externalId>
    <label>Win/Loss Reason JP</label>
    <required>false</required>
    <trackTrending>false</trackTrending>
    <type>Picklist</type>
    <valueSet>
        <restricted>true</restricted>
        <valueSetDefinition>
            <sorted>false</sorted>
            <value>
                <fullName>Product performance</fullName>
                <default>false</default>
                <label>Product performance</label>
            </value>
            <value>
                <fullName>Price</fullName>
                <default>false</default>
                <label>Price</label>
            </value>
            <value>
                <fullName>Sponsorships / programs</fullName>
                <default>false</default>
                <label>Sponsorships / programs</label>
            </value>
            <value>
                <fullName>Equipment access</fullName>
                <default>false</default>
                <label>Equipment access</label>
            </value>
            <value>
                <fullName>Deal Cancelled</fullName>
                <default>false</default>
                <label>Deal Cancelled</label>
            </value>
            <value>
                <fullName>Financing / Credit</fullName>
                <default>false</default>
                <label>Financing / Credit</label>
            </value>
            <value>
                <fullName>KOL/ Peer influence</fullName>
                <default>false</default>
                <label>KOL/ Peer influence</label>
            </value>
            <value>
                <fullName>Service</fullName>
                <default>false</default>
                <label>Service</label>
            </value>
            <value>
                <fullName>Product Gap</fullName>
                <default>false</default>
                <label>Product Gap</label>
            </value>
            <value>
                <fullName>Technology Advantage</fullName>
                <default>false</default>
                <label>Technology Advantage</label>
            </value>
            <value>
                <fullName>ForTec</fullName>
                <default>false</default>
                <label>ForTec</label>
            </value>
            <value>
                <fullName>GPO/IDN contract</fullName>
                <default>false</default>
                <label>GPO/IDN contract</label>
            </value>
            <value>
                <fullName>Sample driven</fullName>
                <default>false</default>
                <label>Sample driven</label>
            </value>
            <value>
                <fullName>Trust</fullName>
                <default>false</default>
                <label>Trust</label>
            </value>
            <value>
                <fullName>Other</fullName>
                <default>false</default>
                <label>Other</label>
            </value>
            <value>
                <fullName>Competitor Bundling</fullName>
                <default>false</default>
                <label>Competitor Bundling</label>
            </value>
            <value>
                <fullName>Practice not ready</fullName>
                <default>false</default>
                <label>Practice not ready</label>
            </value>
            <value>
                <fullName>Practice has no budget</fullName>
                <default>false</default>
                <label>Practice has no budget</label>
            </value>
            <value>
                <fullName>Competition pricing or features</fullName>
                <default>false</default>
                <label>Competition pricing or features</label>
            </value>
            <value>
                <fullName>Price is too high</fullName>
                <default>false</default>
                <label>Price is too high</label>
            </value>
            <value>
                <fullName>Product does not do what claimed</fullName>
                <default>false</default>
                <label>Product does not do what claimed</label>
            </value>
            <value>
                <fullName>Lost interest or not interested</fullName>
                <default>false</default>
                <label>Lost interest or not interested</label>
            </value>
            <value>
                <fullName>Duplicate Opportunity. Not Needed.</fullName>
                <default>false</default>
                <label>Duplicate Opportunity. Not Needed.</label>
            </value>
        </valueSetDefinition>
    </valueSet>
</CustomField>
