<?xml version="1.0" encoding="UTF-8"?>
<PermissionSet xmlns="http://soap.sforce.com/2006/04/metadata">
    <classAccesses>
        <apexClass>Application_CA</apexClass>
        <enabled>true</enabled>
    </classAccesses>
    <classAccesses>
        <apexClass>CA_AffiliatedContacts</apexClass>
        <enabled>true</enabled>
    </classAccesses>
    <classAccesses>
        <apexClass>CA_DatableClass</apexClass>
        <enabled>true</enabled>
    </classAccesses>
    <classAccesses>
        <apexClass>CalenderClass</apexClass>
        <enabled>true</enabled>
    </classAccesses>
    <classAccesses>
        <apexClass>CallPlanDataSelector_CA</apexClass>
        <enabled>true</enabled>
    </classAccesses>
    <classAccesses>
        <apexClass>ContactsSelector_CA</apexClass>
        <enabled>true</enabled>
    </classAccesses>
    <classAccesses>
        <apexClass>EventsSelector_CA</apexClass>
        <enabled>true</enabled>
    </classAccesses>
    <classAccesses>
        <apexClass>RecommendationSettingSelector_CA</apexClass>
        <enabled>true</enabled>
    </classAccesses>
    <classAccesses>
        <apexClass>UsersSelector_CA</apexClass>
        <enabled>true</enabled>
    </classAccesses>
    <description>Call Automation JNJ Call Planning Tab - Permission set.</description>
    <fieldPermissions>
        <editable>false</editable>
        <field>Call_Plan_Data__c.Premium_Practice_Specialist__c</field>
        <readable>false</readable>
    </fieldPermissions>
    <fieldPermissions>
        <editable>false</editable>
        <field>Call_Plan_Data__c.Win_Loss_Reason_JP__c</field>
        <readable>false</readable>
    </fieldPermissions>
    <hasActivationRequired>false</hasActivationRequired>
    <label>Call Automation - JNJ Call Planning</label>
    <license>Salesforce</license>
    <tabSettings>
        <tab>JNJ_Call_Planning</tab>
        <visibility>Visible</visibility>
    </tabSettings>
</PermissionSet>
